Categoria,Marca,Modelo
Autos Y Camionetas,Alfa Romeo,33
Autos Y Camionetas,Alfa Romeo,145
Autos Y Camionetas,Alfa Romeo,146
Autos Y Camionetas,Alfa Romeo,147
Autos Y Camionetas,Alfa Romeo,155
Autos Y Camionetas,Alfa Romeo,156
Autos Y Camionetas,Alfa Romeo,156 Sportwagon
Autos Y Camionetas,Alfa Romeo,159
Autos Y Camionetas,Alfa Romeo,164
Autos Y Camionetas,Alfa Romeo,166
Autos Y Camionetas,Alfa Romeo,Breva
Autos Y Camionetas,Alfa Romeo,Gt
Autos Y Camionetas,Alfa Romeo,Gtv
Autos Y Camionetas,Alfa Romeo,Guiulietta
Autos Y Camionetas,Alfa Romeo,Mito
Autos Y Camionetas,Alfa Romeo,Spider
Autos Y Camionetas,Alfa Romeo,Otro
Autos Y Camionetas,Audi,A1 
Autos Y Camionetas,Audi,A3
Autos Y Camionetas,Audi,A4
Autos Y Camionetas,Audi,A5
Autos Y Camionetas,Audi,A6
Autos Y Camionetas,Audi,A7
Autos Y Camionetas,Audi,A8
Autos Y Camionetas,Audi,Allroad
Autos Y Camionetas,Audi,Cabrio
Autos Y Camionetas,Audi,Q2
Autos Y Camionetas,Audi,Q3
Autos Y Camionetas,Audi,Q5
Autos Y Camionetas,Audi,Q7
Autos Y Camionetas,Audi,R8
Autos Y Camionetas,Audi,Rs3
Autos Y Camionetas,Audi,Rs4
Autos Y Camionetas,Audi,Rs5
Autos Y Camionetas,Audi,Rs6
Autos Y Camionetas,Audi,S3
Autos Y Camionetas,Audi,S4
Autos Y Camionetas,Audi,S5
Autos Y Camionetas,Audi,S6
Autos Y Camionetas,Audi,S7
Autos Y Camionetas,Audi,S8
Autos Y Camionetas,Audi,Sq5
Autos Y Camionetas,Audi,Tt
Autos Y Camionetas,Audi,Tts
Autos Y Camionetas,Audi,Otro
Autos Y Camionetas,Baic,D20
Autos Y Camionetas,Baic,Eu5
Autos Y Camionetas,Baic,Senova
Autos Y Camionetas,Baic,X25
Autos Y Camionetas,Baic,X35
Autos Y Camionetas,Baic,X55
Autos Y Camionetas,Baic,Otro
Autos Y Camionetas,Bmw,M2
Autos Y Camionetas,Bmw,M3
Autos Y Camionetas,Bmw,M5
Autos Y Camionetas,Bmw,M6
Autos Y Camionetas,Bmw,Serie 1
Autos Y Camionetas,Bmw,Serie 2
Autos Y Camionetas,Bmw,Serie 3
Autos Y Camionetas,Bmw,Serie 4
Autos Y Camionetas,Bmw,Serie 5
Autos Y Camionetas,Bmw,Serie 6
Autos Y Camionetas,Bmw,Serie 7
Autos Y Camionetas,Bmw,Serie 8
Autos Y Camionetas,Bmw,Serie M
Autos Y Camionetas,Bmw,X1
Autos Y Camionetas,Bmw,X2
Autos Y Camionetas,Bmw,X3
Autos Y Camionetas,Bmw,X4
Autos Y Camionetas,Bmw,X5
Autos Y Camionetas,Bmw,X6
Autos Y Camionetas,Bmw,Z3
Autos Y Camionetas,Bmw,Z4
Autos Y Camionetas,Bmw,Otro
Autos Y Camionetas,Chery,Arrizo
Autos Y Camionetas,Chery,Face
Autos Y Camionetas,Chery,Fulwin
Autos Y Camionetas,Chery,Qq
Autos Y Camionetas,Chery,Skin
Autos Y Camionetas,Chery,Tiggo
Autos Y Camionetas,Chery,Tiggo 3
Autos Y Camionetas,Chery,Tiggo 5
Autos Y Camionetas,Chery,Otro
Autos Y Camionetas,Chevrolet,400
Autos Y Camionetas,Chevrolet,Agile
Autos Y Camionetas,Chevrolet,Astra
Autos Y Camionetas,Chevrolet,Astro
Autos Y Camionetas,Chevrolet,Aveo
Autos Y Camionetas,Chevrolet,Aveo G3
Autos Y Camionetas,Chevrolet,Blazer
Autos Y Camionetas,Chevrolet,C-10
Autos Y Camionetas,Chevrolet,C-20
Autos Y Camionetas,Chevrolet,Camaro
Autos Y Camionetas,Chevrolet,Captiva
Autos Y Camionetas,Chevrolet,Celta
Autos Y Camionetas,Chevrolet,Chevy
Autos Y Camionetas,Chevrolet,Chevy Van
Autos Y Camionetas,Chevrolet,Cheyenne
Autos Y Camionetas,Chevrolet,Cobalt
Autos Y Camionetas,Chevrolet,Combo
Autos Y Camionetas,Chevrolet,Corsa
Autos Y Camionetas,Chevrolet,Corsa Ii
Autos Y Camionetas,Chevrolet,Corsa Pick Up
Autos Y Camionetas,Chevrolet,Corsa Wagon
Autos Y Camionetas,Chevrolet,Corvette
Autos Y Camionetas,Chevrolet,Cruze
Autos Y Camionetas,Chevrolet,Cruze Ii
Autos Y Camionetas,Chevrolet,D-20
Autos Y Camionetas,Chevrolet,Ipanema
Autos Y Camionetas,Chevrolet,Kadet
Autos Y Camionetas,Chevrolet,Lumina
Autos Y Camionetas,Chevrolet,Luv
Autos Y Camionetas,Chevrolet,Malibu
Autos Y Camionetas,Chevrolet,Meriva
Autos Y Camionetas,Chevrolet,Montana
Autos Y Camionetas,Chevrolet,Monza
Autos Y Camionetas,Chevrolet,Onix
Autos Y Camionetas,Chevrolet,Prisma
Autos Y Camionetas,Chevrolet,S-10
Autos Y Camionetas,Chevrolet,Silverado
Autos Y Camionetas,Chevrolet,Sonic
Autos Y Camionetas,Chevrolet,Spark
Autos Y Camionetas,Chevrolet,Spin
Autos Y Camionetas,Chevrolet,Suburvan
Autos Y Camionetas,Chevrolet,Tahoe
Autos Y Camionetas,Chevrolet,Tigra
Autos Y Camionetas,Chevrolet,Tracker
Autos Y Camionetas,Chevrolet,Trailblazer
Autos Y Camionetas,Chevrolet,Vectra
Autos Y Camionetas,Chevrolet,Vitara
Autos Y Camionetas,Chevrolet,Zafira
Autos Y Camionetas,Chevrolet,Otro
Autos Y Camionetas,Chrysler,300 C
Autos Y Camionetas,Chrysler,300 M
Autos Y Camionetas,Chrysler,Caravan
Autos Y Camionetas,Chrysler,Daytona
Autos Y Camionetas,Chrysler,Neon
Autos Y Camionetas,Chrysler,Pt Crusier
Autos Y Camionetas,Chrysler,Sebring
Autos Y Camionetas,Chrysler,Stratus
Autos Y Camionetas,Chrysler,Talon
Autos Y Camionetas,Chrysler,Tow And Country
Autos Y Camionetas,Chrysler,Voyager
Autos Y Camionetas,Chrysler,Otro
Autos Y Camionetas,Citroen,2 Cv
Autos Y Camionetas,Citroen,3 Cv
Autos Y Camionetas,Citroen,Ax
Autos Y Camionetas,Citroen,Berlingo
Autos Y Camionetas,Citroen,C 15
Autos Y Camionetas,Citroen,C3
Autos Y Camionetas,Citroen,C3 Aircross
Autos Y Camionetas,Citroen,C3 Picasso
Autos Y Camionetas,Citroen,C4
Autos Y Camionetas,Citroen,C4 Aircross
Autos Y Camionetas,Citroen,C4 Cactus
Autos Y Camionetas,Citroen,C4 Lounge
Autos Y Camionetas,Citroen,C4 Picasso
Autos Y Camionetas,Citroen,C4 Spacetourer
Autos Y Camionetas,Citroen,C5
Autos Y Camionetas,Citroen,C-Elysee
Autos Y Camionetas,Citroen,Ds3
Autos Y Camionetas,Citroen,Ds4
Autos Y Camionetas,Citroen,Jumper
Autos Y Camionetas,Citroen,Jumpy
Autos Y Camionetas,Citroen,Saxo
Autos Y Camionetas,Citroen,Spacetourer
Autos Y Camionetas,Citroen,Xantia
Autos Y Camionetas,Citroen,Xsara
Autos Y Camionetas,Citroen,Xsara Picasso
Autos Y Camionetas,Citroen,Zx
Autos Y Camionetas,Citroen,Otro
Autos Y Camionetas,Daewoo,Cielo
Autos Y Camionetas,Daewoo,Damas
Autos Y Camionetas,Daewoo,Espero
Autos Y Camionetas,Daewoo,Lanos
Autos Y Camionetas,Daewoo,Matiz
Autos Y Camionetas,Daewoo,Nubira
Autos Y Camionetas,Daewoo,Racer
Autos Y Camionetas,Daewoo,Tico
Autos Y Camionetas,Daewoo,Otro
Autos Y Camionetas,Daihatsu,Applause
Autos Y Camionetas,Daihatsu,Charade
Autos Y Camionetas,Daihatsu,Cuore
Autos Y Camionetas,Daihatsu,Feroza
Autos Y Camionetas,Daihatsu,Hijet
Autos Y Camionetas,Daihatsu,Mira
Autos Y Camionetas,Daihatsu,Move
Autos Y Camionetas,Daihatsu,Sirion
Autos Y Camionetas,Daihatsu,Terios
Autos Y Camionetas,Daihatsu,Wide
Autos Y Camionetas,Daihatsu,Otro
Autos Y Camionetas,Dsfk,C 31
Autos Y Camionetas,Dsfk,C 32
Autos Y Camionetas,Dsfk,C 35
Autos Y Camionetas,Dsfk,K01h
Autos Y Camionetas,Dsfk,Otro
Autos Y Camionetas,Dodfe,1500
Autos Y Camionetas,Dodfe,Caravan
Autos Y Camionetas,Dodfe,D 100
Autos Y Camionetas,Dodfe,Dakota
Autos Y Camionetas,Dodfe,Gtx
Autos Y Camionetas,Dodfe,Journey
Autos Y Camionetas,Dodfe,Ram
Autos Y Camionetas,Dodfe,Spirit
Autos Y Camionetas,Dodfe,Viper
Autos Y Camionetas,Dodfe,Otro
Autos Y Camionetas,Ds,Ds3
Autos Y Camionetas,Ds,Ds4
Autos Y Camionetas,Ds,Ds7
Autos Y Camionetas,Fiat,Otro
Autos Y Camionetas,Fiat,128
Autos Y Camionetas,Fiat,147
Autos Y Camionetas,Fiat,500
Autos Y Camionetas,Fiat,600
Autos Y Camionetas,Fiat,1500
Autos Y Camionetas,Fiat,Argo
Autos Y Camionetas,Fiat,Barchetta
Autos Y Camionetas,Fiat,Brava
Autos Y Camionetas,Fiat,Bravo
Autos Y Camionetas,Fiat,Brio
Autos Y Camionetas,Fiat,Cronos
Autos Y Camionetas,Fiat,Doblo
Autos Y Camionetas,Fiat,Doblo Cargo
Autos Y Camionetas,Fiat,Ducato
Autos Y Camionetas,Fiat,Duna
Autos Y Camionetas,Fiat,Duna Wekeend
Autos Y Camionetas,Fiat,Fiorino
Autos Y Camionetas,Fiat,Fiorino Qubo
Autos Y Camionetas,Fiat,Grand Siena
Autos Y Camionetas,Fiat,Idea
Autos Y Camionetas,Fiat,Linea
Autos Y Camionetas,Fiat,Marea
Autos Y Camionetas,Fiat,Mobi
Autos Y Camionetas,Fiat,Palio
Autos Y Camionetas,Fiat,Palio Adventure
Autos Y Camionetas,Fiat,Palio Wekeend
Autos Y Camionetas,Fiat,Punto
Autos Y Camionetas,Fiat,Qubo
Autos Y Camionetas,Fiat,Regata
Autos Y Camionetas,Fiat,Siena
Autos Y Camionetas,Fiat,Spazio
Autos Y Camionetas,Fiat,Stilo
Autos Y Camionetas,Fiat,Strada
Autos Y Camionetas,Fiat,Strada Adventure
Autos Y Camionetas,Fiat,Strada Working
Autos Y Camionetas,Fiat,Tempra
Autos Y Camionetas,Fiat,Tipo
Autos Y Camionetas,Fiat,Toros
Autos Y Camionetas,Fiat,Uno
Autos Y Camionetas,Fiat,Vivace
Autos Y Camionetas,Fiat,Otro
Autos Y Camionetas,Ford,Escort
Autos Y Camionetas,Ford,Falcon
Autos Y Camionetas,Ford,Fiesta
Autos Y Camionetas,Ford,Fiesta Kinetic Desing
Autos Y Camionetas,Ford,Fiesta Max
Autos Y Camionetas,Ford,Focus
Autos Y Camionetas,Ford,Bronco
Autos Y Camionetas,Ford,Courier
Autos Y Camionetas,Ford,Ecosport
Autos Y Camionetas,Ford,Escape
Autos Y Camionetas,Ford,Explorer
Autos Y Camionetas,Ford,F-100
Autos Y Camionetas,Ford,F-150
Autos Y Camionetas,Ford,F-250
Autos Y Camionetas,Ford,F-350
Autos Y Camionetas,Ford,F-400
Autos Y Camionetas,Ford,Focus Ii
Autos Y Camionetas,Ford,Focus Iii
Autos Y Camionetas,Ford,Galaxi
Autos Y Camionetas,Ford,Ka
Autos Y Camionetas,Ford,Ka +
Autos Y Camionetas,Ford,Kuga
Autos Y Camionetas,Ford,Mondeo
Autos Y Camionetas,Ford,Mustang
Autos Y Camionetas,Ford,Orion
Autos Y Camionetas,Ford,Puma
Autos Y Camionetas,Ford,Ranchero
Autos Y Camionetas,Ford,Ranger
Autos Y Camionetas,Ford,Sierra
Autos Y Camionetas,Ford,S-Max
Autos Y Camionetas,Ford,Taunus
Autos Y Camionetas,Ford,Taurus
Autos Y Camionetas,Ford,Transit
Autos Y Camionetas,Ford,Windstar
Autos Y Camionetas,Foton,Otro
Autos Y Camionetas,Foton,Gratour
Autos Y Camionetas,Foton,Tunland
Autos Y Camionetas,Foton,Otro
Autos Y Camionetas,Geely,515
Autos Y Camionetas,Geely,Emgrand
Autos Y Camionetas,Geely,Emgrand X7
Autos Y Camionetas,Geely,Lc
Autos Y Camionetas,Geely,Otro
Autos Y Camionetas,Great Wall,Wingle 5
Autos Y Camionetas,Great Wall,Wingle 6
Autos Y Camionetas,Great Wall,Otro
Autos Y Camionetas,Haval,H1
Autos Y Camionetas,Haval,H2
Autos Y Camionetas,Haval,H6
Autos Y Camionetas,Haval,Otro
Autos Y Camionetas,Honda,Accord
Autos Y Camionetas,Honda,Acura
Autos Y Camionetas,Honda,City
Autos Y Camionetas,Honda,Civic
Autos Y Camionetas,Honda,Cr-V
Autos Y Camionetas,Honda,Crx
Autos Y Camionetas,Honda,Fit
Autos Y Camionetas,Honda,Hr-V
Autos Y Camionetas,Honda,Legend
Autos Y Camionetas,Honda,Odyssey
Autos Y Camionetas,Honda,Passport
Autos Y Camionetas,Honda,Pilot
Autos Y Camionetas,Honda,Prelude
Autos Y Camionetas,Honda,Stream
Autos Y Camionetas,Honda,Otro
Autos Y Camionetas,Hummer,H1
Autos Y Camionetas,Hummer,H2
Autos Y Camionetas,Hummer,H3
Autos Y Camionetas,Hummer,Otro
Autos Y Camionetas,Hummer,Accent
Autos Y Camionetas,Hyundai,Atos
Autos Y Camionetas,Hyundai,Coupe
Autos Y Camionetas,Hyundai,Creta
Autos Y Camionetas,Hyundai,Elantra
Autos Y Camionetas,Hyundai,Excel
Autos Y Camionetas,Hyundai,Galloper
Autos Y Camionetas,Hyundai,Genesis
Autos Y Camionetas,Hyundai,Grand I10
Autos Y Camionetas,Hyundai,Grand Santa Fe
Autos Y Camionetas,Hyundai,H1
Autos Y Camionetas,Hyundai,H100
Autos Y Camionetas,Hyundai,I10
Autos Y Camionetas,Hyundai,I30
Autos Y Camionetas,Hyundai,Matrix
Autos Y Camionetas,Hyundai,Santa Fe
Autos Y Camionetas,Hyundai,Santamo
Autos Y Camionetas,Hyundai,S-Coupe
Autos Y Camionetas,Hyundai,Sonata
Autos Y Camionetas,Hyundai,Terracan
Autos Y Camionetas,Hyundai,Trajet
Autos Y Camionetas,Hyundai,Tucson
Autos Y Camionetas,Hyundai,Veloster
Autos Y Camionetas,Hyundai,Veracruz
Autos Y Camionetas,Hyundai,Otro
Autos Y Camionetas,Isuzu,Amigo
Autos Y Camionetas,Isuzu,Pick-Up
Autos Y Camionetas,Isuzu,Rodeo
Autos Y Camionetas,Isuzu,Space Cab
Autos Y Camionetas,Isuzu,Trooper
Autos Y Camionetas,Isuzu,Vehicross
Autos Y Camionetas,Isuzu,Otro
Autos Y Camionetas,Iveco,Daily
Autos Y Camionetas,Iveco,Otro
Autos Y Camionetas,Jac,S2
Autos Y Camionetas,Jac,S3
Autos Y Camionetas,Jac,T6
Autos Y Camionetas,Jac,X200
Autos Y Camionetas,Jac,Otro
Autos Y Camionetas,Jaguar,F-Space
Autos Y Camionetas,Jaguar,S-Type
Autos Y Camionetas,Jaguar,Xe
Autos Y Camionetas,Jaguar,Xf
Autos Y Camionetas,Jaguar,Xkr
Autos Y Camionetas,Jaguar,X-Type
Autos Y Camionetas,Jaguar,Otro
Autos Y Camionetas,Jeep,Cherokee
Autos Y Camionetas,Jeep,Compass
Autos Y Camionetas,Jeep,Grand Cherokee
Autos Y Camionetas,Jeep,Ika
Autos Y Camionetas,Jeep,Patriot
Autos Y Camionetas,Jeep,Renegade
Autos Y Camionetas,Jeep,Wrangler
Autos Y Camionetas,Jeep,Otro
Autos Y Camionetas,Kia,Avella
Autos Y Camionetas,Kia,Besta
Autos Y Camionetas,Kia,Carens
Autos Y Camionetas,Kia,Carnival
Autos Y Camionetas,Kia,Cerato
Autos Y Camionetas,Kia,Grand Sportage
Autos Y Camionetas,Kia,K2500
Autos Y Camionetas,Kia,K2700
Autos Y Camionetas,Kia,K2900
Autos Y Camionetas,Kia,Mohave
Autos Y Camionetas,Kia,Picanto
Autos Y Camionetas,Kia,Pregio
Autos Y Camionetas,Kia,Rio
Autos Y Camionetas,Kia,Rondo
Autos Y Camionetas,Kia,Sorento
Autos Y Camionetas,Kia,Soul
Autos Y Camionetas,Kia,Sportage
Autos Y Camionetas,Kia,Otro
Autos Y Camionetas,Land,Defender
Autos Y Camionetas,Land,Discovery
Autos Y Camionetas,Land,Evoque
Autos Y Camionetas,Land,Freelander
Autos Y Camionetas,Land,Freelander 2
Autos Y Camionetas,Land,Range Rover
Autos Y Camionetas,Land,Otro
Autos Y Camionetas,Lifan,Foison
Autos Y Camionetas,Lifan,Myway
Autos Y Camionetas,Lifan,X50
Autos Y Camionetas,Lifan,X60
Autos Y Camionetas,Lifan,X70
Autos Y Camionetas,Lifan,Otro
Autos Y Camionetas,Maserati,Ghibli
Autos Y Camionetas,Maserati,Granturismo
Autos Y Camionetas,Maserati,Levante
Autos Y Camionetas,Maserati,Quattroporte
Autos Y Camionetas,Maserati,Otro
Autos Y Camionetas,Mazda,121
Autos Y Camionetas,Mazda,323
Autos Y Camionetas,Mazda,626
Autos Y Camionetas,Mazda,929
Autos Y Camionetas,Mazda,Miata
Autos Y Camionetas,Mazda,Mpv
Autos Y Camionetas,Mazda,Mx3
Autos Y Camionetas,Mazda,Mx6
Autos Y Camionetas,Mazda,Pick-Up
Autos Y Camionetas,Mazda,Rx7
Autos Y Camionetas,Mazda,Serie B
Autos Y Camionetas,Mazda,Otro
Autos Y Camionetas,Mercedes Benz,220
Autos Y Camionetas,Mercedes Benz,230
Autos Y Camionetas,Mercedes Benz,250
Autos Y Camionetas,Mercedes Benz,350
Autos Y Camionetas,Mercedes Benz,Clase A
Autos Y Camionetas,Mercedes Benz,Clase B
Autos Y Camionetas,Mercedes Benz,Clase C
Autos Y Camionetas,Mercedes Benz,Clase Cl
Autos Y Camionetas,Mercedes Benz,Clase Cla
Autos Y Camionetas,Mercedes Benz,Clase Clc
Autos Y Camionetas,Mercedes Benz,Clase Clk
Autos Y Camionetas,Mercedes Benz,Clase Cls
Autos Y Camionetas,Mercedes Benz,Clase E
Autos Y Camionetas,Mercedes Benz,Clase Gl
Autos Y Camionetas,Mercedes Benz,Clase Gla
Autos Y Camionetas,Mercedes Benz,Clase Glc
Autos Y Camionetas,Mercedes Benz,Clase Gle
Autos Y Camionetas,Mercedes Benz,Clase Glk
Autos Y Camionetas,Mercedes Benz,Clase Gls
Autos Y Camionetas,Mercedes Benz,Clase S
Autos Y Camionetas,Mercedes Benz,Clase Sl
Autos Y Camionetas,Mercedes Benz,Clase Slk
Autos Y Camionetas,Mercedes Benz,Mb
Autos Y Camionetas,Mercedes Benz,Mb 180
Autos Y Camionetas,Mercedes Benz,Ml
Autos Y Camionetas,Mercedes Benz,Sprinter 
Autos Y Camionetas,Mercedes Benz,Viano
Autos Y Camionetas,Mercedes Benz,Vito
Autos Y Camionetas,Mercedes Benz,Otro
Autos Y Camionetas,Mini,Cooper
Autos Y Camionetas,Mini,Cooper Clubman
Autos Y Camionetas,Mini,Cooper Countryman
Autos Y Camionetas,Mini,Cooper S
Autos Y Camionetas,Mini,Paceman
Autos Y Camionetas,Mini,Otro
Autos Y Camionetas,Mitsubishi,Colt
Autos Y Camionetas,Mitsubishi,Eclipse
Autos Y Camionetas,Mitsubishi,Expo Wagon
Autos Y Camionetas,Mitsubishi,Galant
Autos Y Camionetas,Mitsubishi,L100
Autos Y Camionetas,Mitsubishi,L200
Autos Y Camionetas,Mitsubishi,L300
Autos Y Camionetas,Mitsubishi,Lancer
Autos Y Camionetas,Mitsubishi,Montero
Autos Y Camionetas,Mitsubishi,Nativa
Autos Y Camionetas,Mitsubishi,Outlander
Autos Y Camionetas,Mitsubishi,Space Wagon
Autos Y Camionetas,Mitsubishi,Otro
Autos Y Camionetas,Nissan,200 Sx
Autos Y Camionetas,Nissan,300 Zx
Autos Y Camionetas,Nissan,350 Z
Autos Y Camionetas,Nissan,370 Z
Autos Y Camionetas,Nissan,Altima
Autos Y Camionetas,Nissan,Bluevird
Autos Y Camionetas,Nissan,D21
Autos Y Camionetas,Nissan,D22
Autos Y Camionetas,Nissan,Frontier
Autos Y Camionetas,Nissan,Kicks
Autos Y Camionetas,Nissan,March
Autos Y Camionetas,Nissan,Maxima
Autos Y Camionetas,Nissan,Murano
Autos Y Camionetas,Nissan,Note
Autos Y Camionetas,Nissan,Np 300
Autos Y Camionetas,Nissan,Nx
Autos Y Camionetas,Nissan,Pathfinder
Autos Y Camionetas,Nissan,Patrol
Autos Y Camionetas,Nissan,Pick-Up
Autos Y Camionetas,Nissan,Sentra
Autos Y Camionetas,Nissan,Teana
Autos Y Camionetas,Nissan,Terrano
Autos Y Camionetas,Nissan,Tiida
Autos Y Camionetas,Nissan,Versa
Autos Y Camionetas,Nissan,X-Terra
Autos Y Camionetas,Nissan,X-Trail
Autos Y Camionetas,Nissan,Otro
Autos Y Camionetas,Peougeot,106
Autos Y Camionetas,Peougeot,2008
Autos Y Camionetas,Peougeot,205
Autos Y Camionetas,Peougeot,206
Autos Y Camionetas,Peougeot,207
Autos Y Camionetas,Peougeot,207 Compact
Autos Y Camionetas,Peougeot,208
Autos Y Camionetas,Peougeot,3008
Autos Y Camionetas,Peougeot,301
Autos Y Camionetas,Peougeot,306
Autos Y Camionetas,Peougeot,307
Autos Y Camionetas,Peougeot,308
Autos Y Camionetas,Peougeot,4008
Autos Y Camionetas,Peougeot,404
Autos Y Camionetas,Peougeot,405
Autos Y Camionetas,Peougeot,406
Autos Y Camionetas,Peougeot,407
Autos Y Camionetas,Peougeot,408
Autos Y Camionetas,Peougeot,5008
Autos Y Camionetas,Peougeot,504
Autos Y Camionetas,Peougeot,504 Pick-Up
Autos Y Camionetas,Peougeot,505
Autos Y Camionetas,Peougeot,508
Autos Y Camionetas,Peougeot,605
Autos Y Camionetas,Peougeot,607
Autos Y Camionetas,Peougeot,807
Autos Y Camionetas,Peougeot,Boxer
Autos Y Camionetas,Peougeot,Expert
Autos Y Camionetas,Peougeot,Hoggar
Autos Y Camionetas,Peougeot,Partner
Autos Y Camionetas,Peougeot,Rcz
Autos Y Camionetas,Peougeot,Traveller
Autos Y Camionetas,Peougeot,Otro
Autos Y Camionetas,Porsche,718 Cayman
Autos Y Camionetas,Porsche,911
Autos Y Camionetas,Porsche,Boxster
Autos Y Camionetas,Porsche,Carrera
Autos Y Camionetas,Porsche,Cayenne
Autos Y Camionetas,Porsche,Cayman
Autos Y Camionetas,Porsche,Macan
Autos Y Camionetas,Porsche,Panamera
Autos Y Camionetas,Porsche,Otro
Autos Y Camionetas,Ram,1500
Autos Y Camionetas,Ram,2500
Autos Y Camionetas,Ram,Otro
Autos Y Camionetas,Renault,Captur
Autos Y Camionetas,Renault,Clio
Autos Y Camionetas,Renault,Duster
Autos Y Camionetas,Renault,Duster Oroch
Autos Y Camionetas,Renault,Express
Autos Y Camionetas,Renault,Fluence
Autos Y Camionetas,Renault,Fuego
Autos Y Camionetas,Renault,Kangoo
Autos Y Camionetas,Renault,Koleos
Autos Y Camionetas,Renault,Kwid
Autos Y Camionetas,Renault,Laguna
Autos Y Camionetas,Renault,Logan
Autos Y Camionetas,Renault,Master
Autos Y Camionetas,Renault,Megane
Autos Y Camionetas,Renault,R6
Autos Y Camionetas,Renault,R9
Autos Y Camionetas,Renault,R11
Autos Y Camionetas,Renault,R12
Autos Y Camionetas,Renault,R18
Autos Y Camionetas,Renault,R19
Autos Y Camionetas,Renault,R21
Autos Y Camionetas,Renault,Sandero
Autos Y Camionetas,Renault,Sandero Stepway
Autos Y Camionetas,Renault,Scenic
Autos Y Camionetas,Renault,Symbol
Autos Y Camionetas,Renault,Trafic
Autos Y Camionetas,Renault,Twingo
Autos Y Camionetas,Renault,Otro
Autos Y Camionetas,Rover,25
Autos Y Camionetas,Rover,45
Autos Y Camionetas,Rover,75
Autos Y Camionetas,Rover,218
Autos Y Camionetas,Rover,Mg
Autos Y Camionetas,Rover,Serie 200
Autos Y Camionetas,Rover,Serie 400
Autos Y Camionetas,Rover,Serie 600
Autos Y Camionetas,Rover,Serie 800
Autos Y Camionetas,Rover,Otro
Autos Y Camionetas,Seat,Altea
Autos Y Camionetas,Seat,Cordoba
Autos Y Camionetas,Seat,Ibiza
Autos Y Camionetas,Seat,Inca
Autos Y Camionetas,Seat,Leon
Autos Y Camionetas,Seat,Toledo
Autos Y Camionetas,Seat,Otro
Autos Y Camionetas,Shineray,T30
Autos Y Camionetas,Shineray,T32
Autos Y Camionetas,Shineray,X30
Autos Y Camionetas,Shineray,Otro
Autos Y Camionetas,Smart,City
Autos Y Camionetas,Smart,Forfour
Autos Y Camionetas,Smart,Fortwo
Autos Y Camionetas,Smart,Otro
Autos Y Camionetas,Ssangyoung,Actyon
Autos Y Camionetas,Ssangyoung,Istana
Autos Y Camionetas,Ssangyoung,Korando
Autos Y Camionetas,Ssangyoung,Kyron
Autos Y Camionetas,Ssangyoung,Musso
Autos Y Camionetas,Ssangyoung,Otro
Autos Y Camionetas,Subaru,Forester
Autos Y Camionetas,Subaru,Impreza
Autos Y Camionetas,Subaru,Justy
Autos Y Camionetas,Subaru,Legacy
Autos Y Camionetas,Subaru,Outback
Autos Y Camionetas,Subaru,Tribeca
Autos Y Camionetas,Subaru,Wrx
Autos Y Camionetas,Subaru,Xv
Autos Y Camionetas,Subaru,Otro
Autos Y Camionetas,Suzuki,Alto
Autos Y Camionetas,Suzuki,Baleno
Autos Y Camionetas,Suzuki,Fun
Autos Y Camionetas,Suzuki,Grand Vitara
Autos Y Camionetas,Suzuki,Jimny
Autos Y Camionetas,Suzuki,Marutti
Autos Y Camionetas,Suzuki,Samurai
Autos Y Camionetas,Suzuki,Sidekick
Autos Y Camionetas,Suzuki,Super
Autos Y Camionetas,Suzuki,Swift
Autos Y Camionetas,Suzuki,Vitara
Autos Y Camionetas,Suzuki,Otro
Autos Y Camionetas,Tata,Sumo
Autos Y Camionetas,Tata,Otro
Autos Y Camionetas,Toyota,4 Runner
Autos Y Camionetas,Toyota,86
Autos Y Camionetas,Toyota,Avensis
Autos Y Camionetas,Toyota,Camry
Autos Y Camionetas,Toyota,Celica
Autos Y Camionetas,Toyota,Corolla
Autos Y Camionetas,Toyota,Corona
Autos Y Camionetas,Toyota,Etios
Autos Y Camionetas,Toyota,Fielder
Autos Y Camionetas,Toyota,Hiace
Autos Y Camionetas,Toyota,Hilux
Autos Y Camionetas,Toyota,Hilux Sw4
Autos Y Camionetas,Toyota,Land Crusier
Autos Y Camionetas,Toyota,Prado
Autos Y Camionetas,Toyota,Prius
Autos Y Camionetas,Toyota,Rav4
Autos Y Camionetas,Toyota,Yaris
Autos Y Camionetas,Toyota,Otro
Autos Y Camionetas,Volkswagen,Amarok
Autos Y Camionetas,Volkswagen,Bora
Autos Y Camionetas,Volkswagen,Caddy
Autos Y Camionetas,Volkswagen,Cc
Autos Y Camionetas,Volkswagen,Crossfox
Autos Y Camionetas,Volkswagen,Fox
Autos Y Camionetas,Volkswagen,Furgon
Autos Y Camionetas,Volkswagen,Gacel
Autos Y Camionetas,Volkswagen,Gol
Autos Y Camionetas,Volkswagen,Gol Country
Autos Y Camionetas,Volkswagen,Gol Trend
Autos Y Camionetas,Volkswagen,Golf
Autos Y Camionetas,Volkswagen,Golf Variant
Autos Y Camionetas,Volkswagen,New Beetle
Autos Y Camionetas,Volkswagen,Passat
Autos Y Camionetas,Volkswagen,Passat Variant
Autos Y Camionetas,Volkswagen,Pointer
Autos Y Camionetas,Volkswagen,Polo
Autos Y Camionetas,Volkswagen,Quantum
Autos Y Camionetas,Volkswagen,Santana
Autos Y Camionetas,Volkswagen,Saveiro
Autos Y Camionetas,Volkswagen,Scirocco
Autos Y Camionetas,Volkswagen,Senda
Autos Y Camionetas,Volkswagen,Sharan
Autos Y Camionetas,Volkswagen,Suran
Autos Y Camionetas,Volkswagen,The Beetle
Autos Y Camionetas,Volkswagen,Tiguan
Autos Y Camionetas,Volkswagen,Transporter
Autos Y Camionetas,Volkswagen,Up!
Autos Y Camionetas,Volkswagen,Vento
Autos Y Camionetas,Volkswagen,Vento Variant
Autos Y Camionetas,Volkswagen,Vitrus
Autos Y Camionetas,Volkswagen,Voyage
Autos Y Camionetas,Volkswagen,Otro
Autos Y Camionetas,Volvo,264
Autos Y Camionetas,Volvo,850
Autos Y Camionetas,Volvo,940
Autos Y Camionetas,Volvo,960
Autos Y Camionetas,Volvo,C30
Autos Y Camionetas,Volvo,C70
Autos Y Camionetas,Volvo,S40
Autos Y Camionetas,Volvo,S60
Autos Y Camionetas,Volvo,S70
Autos Y Camionetas,Volvo,S80
Autos Y Camionetas,Volvo,S90
Autos Y Camionetas,Volvo,V40
Autos Y Camionetas,Volvo,V50
Autos Y Camionetas,Volvo,V70
Autos Y Camionetas,Volvo,Xc60
Autos Y Camionetas,Volvo,Xc70
Autos Y Camionetas,Volvo,Xc90
Autos Y Camionetas,Volvo,Otro
Motos,Appia,Brezza 150
Motos,Appia,Citi Plus 110
Motos,Appia,Hardwind 200
Motos,Appia,Leyenda 150
Motos,Appia,Stronger 150
Motos,Appia,Stronger 250
Motos,Appia,Vectra 110
Motos,Appia,Otro
Motos,Aprila,Caponord 1200 Rally
Motos,Aprila,Dorsoduro 900
Motos,Aprila,Rsv4 Rf 250
Motos,Aprila,Rsv4 Rr 250
Motos,Aprila,Shiver 750
Motos,Aprila,Shiver 900
Motos,Aprila,Tuono V4 1100
Motos,Aprila,Tuono V4 1100 Factory
Motos,Aprila,Otro
Motos,Bajaj,Avenger Cruise 220
Motos,Bajaj,Avenger Street 220
Motos,Bajaj,Boxer 150
Motos,Bajaj,Dominar D 400
Motos,Bajaj,Rouser 135
Motos,Bajaj,Rouser 160
Motos,Bajaj,Rouser 180
Motos,Bajaj,Rouser 200
Motos,Bajaj,Rouser 220
Motos,Bajaj,V15 150
Motos,Bajaj,Otro
Motos,Benelli,302 R 300
Motos,Benelli,Caffenero 150 
Motos,Benelli,Leoncino 500
Motos,Benelli,Seta 125
Motos,Benelli,Tnt 135
Motos,Benelli,Tnt 15 150
Motos,Benelli,Tnt 25 250
Motos,Benelli,Tnt 300
Motos,Benelli,Tnt 600
Motos,Benelli,Tnt 600 Gt
Motos,Benelli,Trk 502
Motos,Benelli,Zafferano 250
Motos,Benelli,Otro
Motos,Beta,Akvo Bk 150
Motos,Beta,Arrow 150
Motos,Beta,Boy 100
Motos,Beta,Bs 110
Motos,Beta,Evo 80
Motos,Beta,Motard 200
Motos,Beta,Motard 250
Motos,Beta,New Bs 110
Motos,Beta,Rr 50 Kinder
Motos,Beta,Rr 125
Motos,Beta,Rr 300
Motos,Beta,Rr 350
Motos,Beta,Rr 390
Motos,Beta,Rr 430
Motos,Beta,Rr 480
Motos,Beta,Scooby 80
Motos,Beta,Tempo Deluxe 150
Motos,Beta,Tr 20 200
Motos,Beta,Tr 25 250
Motos,Beta,X Trainer 300
Motos,Beta,Zontes 310
Motos,Beta,Otro
Motos,Bmw,C 650 Gt
Motos,Bmw,C 650 Sport
Motos,Bmw,F 700 Gs
Motos,Bmw,F 750 Gs
Motos,Bmw,F 800 Gs  
Motos,Bmw,F 800 Gs Adventure
Motos,Bmw,F 850 Gs
Motos,Bmw,G 310 Gs
Motos,Bmw,G 310 R
Motos,Bmw,Hp4 Race 1000
Motos,Bmw,K 1600 B
Motos,Bmw,K 1600 Gt
Motos,Bmw,K 1600 Gtl
Motos,Bmw,R 1200 Gs  
Motos,Bmw,R 1200 Gs Adventure
Motos,Bmw,R 1200 R
Motos,Bmw,R 1200 Rs
Motos,Bmw,R 1200 Rt
Motos,Bmw,Rt 1200
Motos,Bmw,Rt Pure 1200
Motos,Bmw,Rt Racer 1200
Motos,Bmw,Rt Scrambler 1200
Motos,Bmw,Rt Urban 1200
Motos,Bmw,S 1000 R
Motos,Brava,S 1000 Rr
Motos,Brava,S 1000 Xr
Motos,Brava,Otro
Motos,Brava,Altino 150
Motos,Brava,Altino 180
Motos,Brava,Altino 200
Motos,Brava,Aquila 200
Motos,Brava,Daystar 250
Motos,Brava,Elektra 150
Motos,Brava,Lazer 70
Motos,Brava,Nevada 110
Motos,Brava,Nevada 125
Motos,Brava,Texana 200
Motos,Cerro,Texana 250
Motos,Cerro,Winstar 150
Motos,Cerro,Otro
Motos,Cerro,Chamical 150
Motos,Cerro,Colt 200
Motos,Cerro,Fly Ce 110
Motos,Cerro,Link Ce 110
Motos,Cerro,Mov Ce 125
Motos,Cerro,Prince Ce 150
Motos,Cerro,Prince Ce 250
Motos,Cerro,R9 Ce 125
Motos,Cerro,Router 250
Motos,Cerro,Street 125
Motos,Cerro,Street 150
Motos,Cf Moto,Talampaya 250
Motos,Cf Moto,Xrc 250
Motos,Cf Moto,Otro
Motos,Cf Moto,150 Kk
Motos,Cf Moto,250 Kk
Motos,Cf Moto,400 Kk
Motos,Cf Moto,650 Mk
Motos,Cf Moto,650 Nt
Motos,Cf Moto,St Papio 125
Motos,Cf Moto,Otro
Motos,Corven,Dx 70
Motos,Corven,Energy 110
Motos,Corven,Energy 125
Motos,Corven,Expert 80
Motos,Corven,Expert 150
Motos,Corven,Hunter 150
Motos,Corven,Indiana 256
Motos,Corven,Mirage 110
Motos,Corven,Triax 150
Motos,Corven,Triax 200
Motos,Corven,Triax 250
Motos,Corven,Txr 250
Motos,Corven,Otro
Motos,Daelim,Besbi 125
Motos,Daelim,Roadwin 250
Motos,Daelim,S3 Advance 250
Motos,Daelim,Steezer 125
Motos,Daelim,Otro
Motos,Ducati,Diavel 1200
Motos,Ducati,Diavel Carbon 1200
Motos,Ducati,Hypermotard 939
Motos,Ducati,Monster 797
Motos,Ducati,Monster 821
Motos,Ducati,Monster 1200
Motos,Ducati,Multistrada 950
Motos,Ducati,Multistrada 1200
Motos,Ducati,Scrambler Café Racer 800
Motos,Ducati,Scrambler Classic 800
Motos,Ducati,Scrambler Desert Sled 800
Motos,Ducati,Scrambler Full Throttle 800
Motos,Ducati,Scrambler Icon 800
Motos,Ducati,Scrambler Mach 20 800
Motos,Ducati,Scrambler Sixty2 400
Motos,Ducati,Superbike 959 Panigale
Motos,Ducati,Superbike 1299 Panigale
Motos,Ducati,Supersport 937
Motos,Ducati,Xdiavel 1260
Motos,Ducati,Otro
Motos,Gaf,Gx 50
Motos,Gaf,Gx 125
Motos,Gaf,Gx 250
Motos,Gaf,Otro
Motos,Gilera,G1 250
Motos,Gilera,Picolla 150
Motos,Gilera,Qm 125
Motos,Gilera,Sg 150
Motos,Gilera,Shael 150
Motos,Gilera,Smash 110
Motos,Gilera,Smash 125
Motos,Gilera,Smx 200
Motos,Gilera,Smx 250
Motos,Gilera,Smx 400
Motos,Gilera,Super 150
Motos,Gilera,Urbana 125
Motos,Gilera,Vc 150
Motos,Gilera,Vc 200
Motos,Gilera,Vc 250
Motos,Gilera,Vc 650
Motos,Gilera,Yl 200
Motos,Gilera,Otro
Motos,Guerrero,G 110
Motos,Guerrero,G 125
Motos,Guerrero,G 70 Day
Motos,Guerrero,G 90 Econo
Motos,Guerrero,Gc 150 Urban
Motos,Guerrero,Gmx 150
Motos,Guerrero,Gpr 250
Motos,Guerrero,Gr1 150
Motos,Guerrero,Gr1 200
Motos,Guerrero,Gr5 230
Motos,Guerrero,Gr6 300
Motos,Guerrero,Gr9 650
Motos,Guerrero,Grf 250
Motos,Guerrero,Grf 90
Motos,Guerrero,Grm 150
Motos,Guerrero,Gsl 150
Motos,Guerrero,Gxl 150 Tundra
Motos,Guerrero,Gxr 200 Tundra
Motos,Guerrero,Gxr 250 Tundra
Motos,Guerrero,Gxr 300
Motos,Guerrero,Otro
Motos,Harley,Custom
Motos,Harley,Fat
Motos,Harley,Forty Eight
Motos,Harley,Iron
Motos,Harley,Nightster
Motos,Harley,Road King
Motos,Harley,Roadster
Motos,Harley,Softail
Motos,Harley,Sportster
Motos,Harley,Street
Motos,Harley,Superslow
Motos,Harley,Touring
Motos,Harley,Otro
Motos,Hero,Dash 110
Motos,Hero,Hunk 150
Motos,Hero,Hunk Sport 150
Motos,Hero,Ignitor 125
Motos,Hero,Otro
Motos,Honda,Biz 125
Motos,Honda,Cb 1000 R
Motos,Honda,Cb 125 Twister
Motos,Honda,Cb 150 Invicta
Motos,Honda,Cb 190
Motos,Honda,Cb 250 Twister
Motos,Honda,Cb 300 R
Motos,Honda,Cb 400
Motos,Honda,Cb 500
Motos,Honda,Cb1 125
Motos,Honda,Cbr 1000
Motos,Honda,Cbr 300
Motos,Honda,Cbr 600
Motos,Honda,Cg 150 Titan
Motos,Honda,Cr 125
Motos,Honda,Cr 250
Motos,Honda,Crf 1000 Africa Twin
Motos,Honda,Crf 150
Motos,Honda,Crf 230
Motos,Honda,Crf 250
Motos,Honda,Crf 450
Motos,Honda,Elite 125
Motos,Honda,Goldwing
Motos,Honda,Nc 750
Motos,Honda,Nx 400 Falcon 
Motos,Honda,Pcx 150
Motos,Honda,Storm 125
Motos,Honda,Transalp
Motos,Honda,Wave 110
Motos,Honda,Xr 125
Motos,Honda,Xr 150
Motos,Honda,Xr 190
Motos,Honda,Xr 250 Tornado
Motos,Honda,Xr 600
Motos,Honda,Xre 300
Motos,Honda,Otro
Motos,Husqvarna,701 Enduro
Motos,Husqvarna,701 Supermoto
Motos,Husqvarna,Fc 250
Motos,Husqvarna,Fc 350
Motos,Husqvarna,Fc 450
Motos,Husqvarna,Fe 250
Motos,Husqvarna,Fe 350
Motos,Husqvarna,Fe 450 
Motos,Husqvarna,Fe 501
Motos,Husqvarna,Suartpilen 401
Motos,Husqvarna,Tc 50
Motos,Husqvarna,Tc 65
Motos,Husqvarna,Tc 85
Motos,Husqvarna,Tc 125
Motos,Husqvarna,Tc 250
Motos,Husqvarna,Te 150
Motos,Husqvarna,Te 250 
Motos,Husqvarna,Te 300
Motos,Husqvarna,Vitpilen 401
Motos,Husqvarna,Vitpilen 701
Motos,Husqvarna,Otro
Motos,Hyosung,Gd 250
Motos,Hyosung,Gt 250
Motos,Hyosung,Gt 650
Motos,Hyosung,Otro
Motos,Jawa,Bobber 350
Motos,Jawa,Café Racer 350
Motos,Jawa,Rvm 350-9
Motos,Jawa,Rvm 600
Motos,Jawa,Rvm 660 Sportard
Motos,Jawa,Rvm Cz 200
Motos,Jawa,Rvm Daytona 350
Motos,Jawa,Rvm Ruta 40-350
Motos,Jawa,Rvm Ruta 40-600
Motos,Jawa,Rvm Spyder 350
Motos,Jawa,Rvm Tekken 250
Motos,Jawa,Rvm-F4 250
Motos,Jawa,Otro
Motos,Jianshe,Js 125 6b
Motos,Jianshe,Js 125 6by
Motos,Jianshe,Js 125 6e
Motos,Jianshe,Js 125 F
Motos,Jianshe,Js 150
Motos,Jianshe,Otro
Motos,Kawasaki,Klr 650
Motos,Kawasaki,Klx 140
Motos,Kawasaki,Klx 450
Motos,Kawasaki,Kx 85
Motos,Kawasaki,Kx 250 F
Motos,Kawasaki,Kx 450 F
Motos,Kawasaki,Ninja 250
Motos,Kawasaki,Ninja 400
Motos,Kawasaki,Ninja 650
Motos,Kawasaki,Ninja Zx 10r (1000)
Motos,Kawasaki,Ninja Zx 14r (1400)
Motos,Kawasaki,Versys 300
Motos,Kawasaki,Versys 650
Motos,Kawasaki,Versys 1000
Motos,Kawasaki,Vulcan 500
Motos,Kawasaki,Vulcan 900
Motos,Kawasaki,Vulcan S 650
Motos,Kawasaki,Z 650
Motos,Kawasaki,Z 900
Motos,Kawasaki,Z 1000
Motos,Kawasaki,Otro
Motos,Keeway,Cruiser 250
Motos,Keeway,Rk 150
Motos,Keeway,Rks 150
Motos,Keeway,Rkv 200
Motos,Keeway,Target 125
Motos,Keeway,Otro
Motos,Keller,Crono 110
Motos,Keller,Exotic 150
Motos,Keller,Jetmax 250
Motos,Keller,K 65
Motos,Keller,K 65 Mt
Motos,Keller,K 65 Tr
Motos,Keller,K 400
Motos,Keller,Miracle 150
Motos,Keller,Miracle 200
Motos,Keller,Quasar 260 
Motos,Keller,Stratus 150 
Motos,Keller,Xtreme 150
Motos,Keller,Otro
Motos,Ktm,50 Sx
Motos,Ktm,65 Sx
Motos,Ktm,85 Sx
Motos,Ktm,125 Sx
Motos,Ktm,150 Sx
Motos,Ktm,200 Duke
Motos,Ktm,Rc 200
Motos,Ktm,250 Duke
Motos,Ktm,250 Exc Tpi
Motos,Ktm,250 Exc-F
Motos,Ktm,250 Sx-F
Motos,Ktm,300 Exc Tpi
Motos,Ktm,350 Exc-F
Motos,Ktm,350 Sx-F
Motos,Ktm,390 Duke
Motos,Ktm,Rc 390
Motos,Ktm,450 Exc-F
Motos,Ktm,450 Rally
Motos,Ktm,450 Sx-F
Motos,Ktm,500 Exc-F
Motos,Ktm,690 Enduro
Motos,Ktm,690 Smc-R
Motos,Ktm,1090 Adventure
Motos,Ktm,1290 Adventure
Motos,Ktm,1290 Super Duke
Motos,Ktm,Otro
Motos,Kymco,Agility 50
Motos,Kymco,Agility 125
Motos,Kymco,Agility 200
Motos,Kymco,Ak 550
Motos,Kymco,Downtown 300
Motos,Kymco,Grand Dink 250
Motos,Kymco,Like 125
Motos,Kymco,Like 200
Motos,Kymco,People Gti 300
Motos,Kymco,X Town 250
Motos,Kymco,Otro
Motos,Legnano,Milano 150
Motos,Legnano,Modena 200
Motos,Legnano,Verona 125
Motos,Legnano,Otro
Motos,Maverick,Black Star 150
Motos,Maverick,City 125
Motos,Maverick,Dual 150
Motos,Maverick,Dual 200
Motos,Maverick,F1 125
Motos,Maverick,Fox 110
Motos,Maverick,Go! 70
Motos,Maverick,Halley 200
Motos,Maverick,Maxim 250
Motos,Maverick,Phanther 250
Motos,Maverick,Street 150
Motos,Maverick,Supra 125
Motos,Maverick,Terra Adventure 250
Motos,Maverick,Top 110
Motos,Maverick,Xrt 110
Motos,Maverick,Otro
Motos,Megelli,Sport 250 R
Motos,Megelli,Otro
Motos,Mondial,Dax 70
Motos,Mondial,Ex 150
Motos,Mondial,Hd 150
Motos,Mondial,Hd 250
Motos,Mondial,Ld 110
Motos,Mondial,Md 125
Motos,Mondial,Md 150
Motos,Mondial,Md 300
Motos,Mondial,Monkey 50
Motos,Mondial,Qj 110
Motos,Mondial,Rd 150
Motos,Mondial,Rd 200
Motos,Mondial,Rd 250
Motos,Mondial,Rv 125
Motos,Mondial,Td 150
Motos,Mondial,Td 200
Motos,Mondial,Vd 250
Motos,Mondial,Otro
Motos,Motomel,Blitz 110
Motos,Motomel,Custom 150
Motos,Motomel,Dlx Deluxe 110
Motos,Motomel,Dresser 250
Motos,Motomel,Go Vintage 125
Motos,Motomel,Max 110
Motos,Motomel,S2 150
Motos,Motomel,S3 150
Motos,Motomel,S6 250
Motos,Motomel,Sirius 150
Motos,Motomel,Sirius 250
Motos,Motomel,Skua 125
Motos,Motomel,Skua 150
Motos,Motomel,Skua 200
Motos,Motomel,Skua 250
Motos,Motomel,Sr 200 
Motos,Motomel,Strato Alpino 150
Motos,Motomel,Strato Euro 150 
Motos,Motomel,Strato Fun 80
Motos,Motomel,Xmm 250
Motos,Motomel,Otro
Motos,Mv Agusta,Brutale 800
Motos,Mv Agusta,Brutale 1000
Motos,Mv Agusta,Dragster 800
Motos,Mv Agusta,F3 675
Motos,Mv Agusta,F3 800
Motos,Mv Agusta,F4 750
Motos,Mv Agusta,F4 1000
Motos,Mv Agusta,Turismo Veloce 800
Motos,Mv Agusta,Otro
Motos,Pagani,Mini Cross 50
Motos,Pagani,Mini Cross 65
Motos,Pagani,Mini Pista 50
Motos,Pagani,Otro
Motos,Piaggio,Evo 400
Motos,Piaggio,Mp3 300 Yourban
Motos,Piaggio,Mp3 300 Yourban Sport
Motos,Piaggio,Mp3 500 Business
Motos,Piaggio,Runner
Motos,Piaggio,Typhoon
Motos,Piaggio,Vespa
Motos,Piaggio,Otro
Motos,Royal Enfield,Bullet Classic 500
Motos,Royal Enfield,Continental Gt 650
Motos,Royal Enfield,Interceptor Int 650 
Motos,Royal Enfield,Otro
Motos,Siambreta,Deluxe 125
Motos,Siambreta,Li 150
Motos,Siambreta,Standard
Motos,Siambreta,Tv 175
Motos,Siambreta,Otro
Motos,Suzukli,An 125
Motos,Suzukli,Ax 100
Motos,Suzukli,Bendit 650
Motos,Suzukli,Boulevard 540
Motos,Suzukli,Burgam 125
Motos,Suzukli,Burgam 200
Motos,Suzukli,Burgam 400
Motos,Suzukli,Dr 350
Motos,Suzukli,Dr 650
Motos,Suzukli,Ds 80
Motos,Suzukli,En 125
Motos,Suzukli,Gn 125
Motos,Suzukli,Gs 500
Motos,Suzukli,Gsr 600
Motos,Suzukli,Gsr 750
Motos,Suzukli,Gsx 150 Gixxer
Motos,Suzukli,Gsx 600
Motos,Suzukli,Gsx 750
Motos,Suzukli,Gsx-R 1000
Motos,Suzukli,Hayabusa 1300
Motos,Suzukli,Inazuma 250
Motos,Suzukli,Intruder 800
Motos,Suzukli,Rm 250
Motos,Suzukli,Rm-Z 250
Motos,Suzukli,Rm-Z 450
Motos,Suzukli,Sv 650
Motos,Suzukli,V-Strom 250
Motos,Suzukli,V-Strom 650
Motos,Suzukli,V-Strom 1000
Motos,Suzukli,Otro
Motos,Sym,Citycom 300
Motos,Sym,Crox 125
Motos,Sym,Fiddle 150
Motos,Sym,Joy Ride 200
Motos,Sym,Maxsym 600
Motos,Sym,Symphony 125
Motos,Sym,Otro
Motos,Tibo,Aero 150
Motos,Tibo,Coaster 250
Motos,Tibo,Jet 110
Motos,Tibo,R 200
Motos,Tibo,Rs 150
Motos,Tibo,Samurai 250
Motos,Tibo,Zonda 200
Motos,Tibo,Otro
Motos,Triumph,Bonneville Bobber
Motos,Triumph,Bonneville Speedmaster
Motos,Triumph,Bonneville T100
Motos,Triumph,Bonneville T120
Motos,Triumph,Street Cup 900
Motos,Triumph,Street Scrambler
Motos,Triumph,Street Triple 765
Motos,Triumph,Street Twin 900
Motos,Triumph,Thruxton 1200
Motos,Triumph,Tigger 800
Motos,Triumph,Tigger Explorer 1200
Motos,Triumph,Otro
Motos,Vespa,70 Aniversario 150
Motos,Vespa,Classic Vxl 150
Motos,Vespa,Gts 300
Motos,Vespa,Gts Super 300
Motos,Vespa,Primavera 150
Motos,Vespa,Sprint 150
Motos,Vespa,Otro
Motos,Yamaha,Crypton 110
Motos,Yamaha,Fazer Fi 150
Motos,Yamaha,Fz 25 250
Motos,Yamaha,Fz Fi 150
Motos,Yamaha,Fz-S Fi 150
Motos,Yamaha,Mt-03 300
Motos,Yamaha,Mt-07 700
Motos,Yamaha,Mt-09 900
Motos,Yamaha,Mt-10 1000
Motos,Yamaha,Nm-X 150
Motos,Yamaha,Pw 50
Motos,Yamaha,Ray Zr 110
Motos,Yamaha,Sz-Rr 150
Motos,Yamaha,Tmax Dx 500
Motos,Yamaha,Tt-R 125
Motos,Yamaha,Tt-R 230
Motos,Yamaha,Wr 250
Motos,Yamaha,Wr 450
Motos,Yamaha,Xsr 700
Motos,Yamaha,Xsr 900
Motos,Yamaha,Xtz 125
Motos,Yamaha,Xtz 250
Motos,Yamaha,Xtz 250 Tenere
Motos,Yamaha,Xtz 1200 Super Tenere
Motos,Yamaha,Xv 950
Motos,Yamaha,Ybr 125
Motos,Yamaha,Ybr 250
Motos,Yamaha,Yz 85
Motos,Yamaha,Yz 125
Motos,Yamaha,Yz 250
Motos,Yamaha,Yz 450
Motos,Yamaha,Yzf-R1 1000
Motos,Yamaha,Yzf-R3 300
Motos,Yamaha,Yzf-R6 600
Motos,Yamaha,Otro
Motos,Zanella,Ceccato 150
Motos,Zanella,Ceccato 250
Motos,Zanella,Due 110
Motos,Zanella,Exclusive 150
Motos,Zanella,Gt2 200
Motos,Zanella,Hot 90 Shot
Motos,Zanella,Mod 150
Motos,Zanella,Motoneta 110 Vintage
Motos,Zanella,Patagonian Eagle 150
Motos,Zanella,Patagonian Eagle 250
Motos,Zanella,Patagonian Eagle 350
Motos,Zanella,Rx 1 150
Motos,Zanella,Rx 150
Motos,Zanella,Rx 200
Motos,Zanella,Rz 25 250
Motos,Zanella,Rz 3 250
Motos,Zanella,Rz 7 650
Motos,Zanella,Sapucai 150
Motos,Zanella,Styler 150
Motos,Zanella,Zb 110
Motos,Zanella,Zb 125
Motos,Zanella,Zr 150
Motos,Zanella,Zr 200
Motos,Zanella,Zr 250
Motos,Zanella,Otro
Camiones,Agrale,8500 Euro
Camiones,Agrale,8700 Lx
Camiones,Agrale,8700 S
Camiones,Agrale,8700 Tr
Camiones,Agrale,10000 S
Camiones,Agrale,10000 Lx
Camiones,Agrale,13000 Euro
Camiones,Agrale,14000 Lx
Camiones,Agrale,14000 S 4x2
Camiones,Agrale,14000 S 6x2
Camiones,Agrale,A 7500
Camiones,Agrale,A 8700
Camiones,Agrale,A 10000
Camiones,Agrale,Dynamic
Camiones,Agrale,Otro
Camiones,Bedford,350
Camiones,Bedford,Otro
Camiones,Chevrolet,714
Camiones,Chevrolet,C-50
Camiones,Chevrolet,C-60
Camiones,Chevrolet,C-70
Camiones,Chevrolet,Kodiak
Camiones,Chevrolet,Npr
Camiones,Chevrolet,Otro
Camiones,Dodge,500
Camiones,Dodge,600
Camiones,Dodge,700
Camiones,Dodge,800
Camiones,Dodge,1000
Camiones,Dodge,Otro
Camiones,Fiat,150
Camiones,Fiat,190
Camiones,Fiat,619
Camiones,Fiat,673
Camiones,Fiat,697
Camiones,Fiat,Otro
Camiones,Ford,Cargo 712
Camiones,Ford,Cargo 915
Camiones,Ford,Cargo 916
Camiones,Ford,Cargo 1119
Camiones,Ford,Cargo 1317
Camiones,Ford,Cargo 1519
Camiones,Ford,Cargo 1722
Camiones,Ford,Cargo 1723 4x2
Camiones,Ford,Cargo 1723 6x2
Camiones,Ford,Cargo 1729
Camiones,Ford,Cargo 1730
Camiones,Ford,Cargo 1831
Camiones,Ford,Cargo 1832
Camiones,Ford,Cargo 1932
Camiones,Ford,Cargo 1933
Camiones,Ford,Cargo 2042
Camiones,Ford,Cargo 2631
Camiones,Ford,Cargo 2632
Camiones,Ford,Cargo 2842
Camiones,Ford,Cargo 3129
Camiones,Ford,F-600
Camiones,Ford,F-700
Camiones,Ford,F-900
Camiones,Ford,F-4000
Camiones,Ford,F-6000
Camiones,Ford,F-7000
Camiones,Ford,F-14000
Camiones,Ford,Otro
Camiones,Hino,514
Camiones,Hino,616
Camiones,Hino,716
Camiones,Hino,816
Camiones,Hino,Otro
Camiones,Hyundai,Hd 250
Camiones,Hyundai,Hd 350
Camiones,Hyundai,Hd 65
Camiones,Hyundai,Hd 72
Camiones,Hyundai,Hd 78
Camiones,Hyundai,Otro
Camiones,Isuzu,Npr 75
Camiones,Isuzu,Otro
Camiones,Iveco,Caballino
Camiones,Iveco,Cursor
Camiones,Iveco,Daily
Camiones,Iveco,Eurocargo
Camiones,Iveco,Eurotech
Camiones,Iveco,Eurotrakker
Camiones,Iveco,Stralis
Camiones,Iveco,Stralis Hi-Way
Camiones,Iveco,Tector
Camiones,Iveco,Tector Attack
Camiones,Iveco,Vertis
Camiones,Iveco,Otro
Camiones,Jmc,N601
Camiones,Jmc,N800
Camiones,Jmc,N900
Camiones,Jmc,Otro
Camiones,Kia,3600
Camiones,Kia,Otro
Camiones,Mercedes Benz,312
Camiones,Mercedes Benz,608
Camiones,Mercedes Benz,709
Camiones,Mercedes Benz,710
Camiones,Mercedes Benz,712
Camiones,Mercedes Benz,911
Camiones,Mercedes Benz,913
Camiones,Mercedes Benz,1112
Camiones,Mercedes Benz,1114
Camiones,Mercedes Benz,1215
Camiones,Mercedes Benz,1218
Camiones,Mercedes Benz,1315
Camiones,Mercedes Benz,1318
Camiones,Mercedes Benz,1518
Camiones,Mercedes Benz,1620
Camiones,Mercedes Benz,1622
Camiones,Mercedes Benz,1624
Camiones,Mercedes Benz,1633
Camiones,Mercedes Benz,1634
Camiones,Mercedes Benz,1720
Camiones,Mercedes Benz,1722
Camiones,Mercedes Benz,2318
Camiones,Mercedes Benz,Accelo 815
Camiones,Mercedes Benz,Accelo 1016
Camiones,Mercedes Benz,Actros
Camiones,Mercedes Benz,Atego
Camiones,Mercedes Benz,Atron
Camiones,Mercedes Benz,Axor
Camiones,Mercedes Benz,Otro
Camiones,Renault,Midliner Ms 300
Camiones,Renault,Midlum Dxi 220
Camiones,Renault,Midlum Dxi 300
Camiones,Renault,Premium Dxi 320
Camiones,Renault,Premium Dxi 370
Camiones,Renault,Premium Dxi 380
Camiones,Renault,Premium Dxi 420
Camiones,Renault,Premium Dxi 440
Camiones,Renault,Otro
Camiones,Scania,Serie G
Camiones,Scania,Serie P
Camiones,Scania,Serie R
Camiones,Scania,T 111
Camiones,Scania,T 112
Camiones,Scania,T 113
Camiones,Scania,T 114
Camiones,Scania,Otro
Camiones,Tata,608
Camiones,Tata,609
Camiones,Tata,Otro
Camiones,Volkswagen,5140
Camiones,Volkswagen,6160
Camiones,Volkswagen,9140
Camiones,Volkswagen,9150
Camiones,Volkswagen,9160
Camiones,Volkswagen,9170
Camiones,Volkswagen,11180
Camiones,Volkswagen,13180
Camiones,Volkswagen,13190
Camiones,Volkswagen,15160
Camiones,Volkswagen,15180
Camiones,Volkswagen,15190
Camiones,Volkswagen,17190
Camiones,Volkswagen,17210
Camiones,Volkswagen,17220
Camiones,Volkswagen,17230
Camiones,Volkswagen,17250
Camiones,Volkswagen,17280
Camiones,Volkswagen,17300
Camiones,Volkswagen,17310
Camiones,Volkswagen,18310
Camiones,Volkswagen,19320
Camiones,Volkswagen,19330
Camiones,Volkswagen,19360
Camiones,Volkswagen,19420
Camiones,Volkswagen,25420
Camiones,Volkswagen,25360
Camiones,Volkswagen,26280
Camiones,Volkswagen,26420
Camiones,Volkswagen,31330
Camiones,Volkswagen,Otro
Camiones,Volvo,Fh
Camiones,Volvo,Fm
Camiones,Volvo,Fmx
Camiones,Volvo,Nl
Camiones,Volvo,Vm
Camiones,Volvo,Bitren
Camiones,Volvo,Otro
Nautica,Botes,
Nautica,Canoas,
Nautica,Cruceros,
Nautica,Gomones,
Nautica,Jet Ski,
Nautica,Lanchas,
Nautica,Motores,
Nautica,Motos De Agua,
Nautica,Veleros,
Nautica,Semirrigidos,
Nautica,Otros,
Otros,Aeronaves,
Otros,Areneros,
Otros,Casas Rodantes,
Otros,Chocados,
Otros,Colección,
Otros,Competición,
Otros,Contenedores,
Otros,Food Trucks,
Otros,Grúas,
Otros,Motorhome,
Otros,Taxis,
Otros,Trailers,
Otros,Otros,
